ProductName,Year,Month,UnitsSold
Actiflor,2024,1,5434
Actiflor,2024,2,5070
Actiflor,2024,3,8566
Actiflor,2024,4,10897
Actiflor,2024,5,17193
Actiflor,2024,6,10400
Actiflor,2024,7,8177
Actiflor,2024,8,10838
Actiflor,2024,9,10063
Actiflor,2024,10,7427
Actiflor,2024,11,4393
Actiflor,2024,12,3891
Actiflor,2025,1,5419
Actiflor,2025,2,7540
Actiflor,2025,3,6742
Actiflor,2025,4,10508
Actiflor,2025,5,8962
Actiflor,2025,6,6217
Actiflor,2025,7,8185
Actiflor,2025,8,7900
Actiflor,2025,9,6857
Actiflor,2025,10,3296
Actiflor,2025,11,3047
Actiflor,2025,12,3058
Actiflor,2026,1,2032
Actiflor,2026,2,537
Actnise,2024,1,11792
Actnise,2024,2,6325
Actnise,2024,3,7193
Actnise,2024,4,7211
Actnise,2024,5,8938
Actnise,2024,6,5089
Actnise,2024,7,758
Actnise,2024,8,72
Actnise,2024,9,-427
Actnise,2024,10,12424
Actnise,2024,11,12604
Actnise,2024,12,8075
Actnise,2025,1,7826
Actnise,2025,2,7222
Actnise,2025,3,5882
Actnise,2025,4,7577
Actnise,2025,5,8262
Actnise,2025,6,8900
Actnise,2025,7,11912
Actnise,2025,8,10852
Actnise,2025,9,17313
Actnise,2025,10,13891
Actnise,2025,11,8999
Actnise,2025,12,10921
Actnise,2026,1,6798
Actnise,2026,2,421
Ad Folic,2024,1,25367
Ad Folic,2024,2,25906
Ad Folic,2024,3,26409
Ad Folic,2024,4,25463
Ad Folic,2024,5,29762
Ad Folic,2024,6,26944
Ad Folic,2024,7,28986
Ad Folic,2024,8,28261
Ad Folic,2024,9,26717
Ad Folic,2024,10,28284
Ad Folic,2024,11,25221
Ad Folic,2024,12,25305
Ad Folic,2025,1,27610
Ad Folic,2025,2,28528
Ad Folic,2025,3,27565
Ad Folic,2025,4,29925
Ad Folic,2025,5,32569
Ad Folic,2025,6,29051
Ad Folic,2025,7,34855
Ad Folic,2025,8,32242
Ad Folic,2025,9,30430
Ad Folic,2025,10,29270
Ad Folic,2025,11,29042
Ad Folic,2025,12,31162
Ad Folic,2026,1,29421
Ad Folic,2026,2,6647
Ad Folic OD,2024,1,31389
Ad Folic OD,2024,2,26780
Ad Folic OD,2024,3,34311
Ad Folic OD,2024,4,33623
Ad Folic OD,2024,5,37601
Ad Folic OD,2024,6,35318
Ad Folic OD,2024,7,37457
Ad Folic OD,2024,8,38285
Ad Folic OD,2024,9,37584
Ad Folic OD,2024,10,38333
Ad Folic OD,2024,11,37498
Ad Folic OD,2024,12,37147
Ad Folic OD,2025,1,39552
Ad Folic OD,2025,2,39420
Ad Folic OD,2025,3,38948
Ad Folic OD,2025,4,42305
Ad Folic OD,2025,5,43985
Ad Folic OD,2025,6,41330
Ad Folic OD,2025,7,48255
Ad Folic OD,2025,8,45746
Ad Folic OD,2025,9,46824
Ad Folic OD,2025,10,44641
Ad Folic OD,2025,11,42965
Ad Folic OD,2025,12,45662
Ad Folic OD,2026,1,43559
Ad Folic OD,2026,2,9220
Ad-D Chewable,2024,1,1804
Ad-D Chewable,2024,2,2184
Ad-D Chewable,2024,3,1289
Ad-D Chewable,2024,4,1237
Ad-D Chewable,2024,5,901
Ad-D Chewable,2024,6,1274
Ad-D Chewable,2024,7,2470
Ad-D Chewable,2024,8,2228
Ad-D Chewable,2024,9,2449
Ad-D Chewable,2024,10,2621
Ad-D Chewable,2024,11,2370
Ad-D Chewable,2024,12,2778
Ad-D Chewable,2025,1,2694
Ad-D Chewable,2025,2,2515
Ad-D Chewable,2025,3,2161
Ad-D Chewable,2025,4,2560
Ad-D Chewable,2025,5,2906
Ad-D Chewable,2025,6,2336
Ad-D Chewable,2025,7,3149
Ad-D Chewable,2025,8,3245
Ad-D Chewable,2025,9,2643
Ad-D Chewable,2025,10,2619
Ad-D Chewable,2025,11,2276
Ad-D Chewable,2025,12,2332
Ad-D Chewable,2026,1,1938
Ad-D Chewable,2026,2,624
Agoviz,2024,1,4870
Agoviz,2024,2,4693
Agoviz,2024,3,4808
Agoviz,2024,4,4571
Agoviz,2024,5,4691
Agoviz,2024,6,4560
Agoviz,2024,7,5221
Agoviz,2024,8,5331
Agoviz,2024,9,5413
Agoviz,2024,10,5930
Agoviz,2024,11,5625
Agoviz,2024,12,5503
Agoviz,2025,1,5916
Agoviz,2025,2,5245
Agoviz,2025,3,4943
Agoviz,2025,4,5274
Agoviz,2025,5,5521
Agoviz,2025,6,4846
Agoviz,2025,7,5247
Agoviz,2025,8,5525
Agoviz,2025,9,5265
Agoviz,2025,10,6319
Agoviz,2025,11,5246
Agoviz,2025,12,5771
Agoviz,2026,1,5805
Agoviz,2026,2,1398
Aircare,2024,1,2009
Aircare,2024,2,2085
Aircare,2024,3,4079
Aircare,2024,4,3710
Aircare,2024,5,1938
Aircare,2024,6,1329
Aircare,2024,7,879
Aircare,2024,8,656
Aircare,2024,9,361
Aircare,2024,10,117
Aircare,2024,11,71
Aircare,2024,12,99
Aircare,2025,1,115
Aircare,2025,2,50
Aircare,2025,3,40
Aircare,2025,4,10
Aircare,2025,5,24
Aircare,2025,6,28
Aircare,2025,7,-3
Aircare,2025,8,2
Aircare,2025,9,-5
Aircare,2025,10,-121
Aircare,2025,11,-23
Aircare,2025,12,-3
Aircare Plus,2024,5,252
Aircare Plus,2024,6,2477
Aircare Plus,2024,7,797
Aircare Plus,2024,8,5168
Aircare Plus,2024,9,1610
Aircare Plus,2024,10,6359
Aircare Plus,2024,11,2028
Aircare Plus,2024,12,6218
Aircare Plus,2025,1,2417
Aircare Plus,2025,2,7402
Aircare Plus,2025,3,1871
Aircare Plus,2025,4,2429
Aircare Plus,2025,5,5496
Aircare Plus,2025,6,1457
Aircare Plus,2025,7,2285
Aircare Plus,2025,8,7152
Aircare Plus,2025,9,2278
Aircare Plus,2025,10,6794
Aircare Plus,2025,11,3437
Aircare Plus,2025,12,6011
Aircare Plus,2026,1,2794
Aircare Plus,2026,2,598
Aireez,2024,1,22560
Aireez,2024,2,21915
Aireez,2024,3,22656
Aireez,2024,4,20957
Aireez,2024,5,22546
Aireez,2024,6,16647
Aireez,2024,7,17598
Aireez,2024,8,18642
Aireez,2024,9,23594
Aireez,2024,10,27788
Aireez,2024,11,30224
Aireez,2024,12,31009
Aireez,2025,1,30929
Aireez,2025,2,28544
Aireez,2025,3,24981
Aireez,2025,4,24795
Aireez,2025,5,24631
Aireez,2025,6,18264
Aireez,2025,7,21095
Aireez,2025,8,23141
Aireez,2025,9,25497
Aireez,2025,10,33330
Aireez,2025,11,34365
Aireez,2025,12,35217
Aireez,2026,1,31703
Aireez,2026,2,6958
ANEX,2024,7,-1
Anex-M,2024,1,2263
Anex-M,2024,2,4425
Anex-M,2024,3,3770
Anex-M,2024,4,3541
Anex-M,2024,5,4056
Anex-M,2024,6,3493
Anex-M,2024,7,3875
Anex-M,2024,8,3555
Anex-M,2024,9,3410
Anex-M,2024,10,1950
Anex-M,2024,11,704
Anex-M,2024,12,243
Anex-M,2025,1,4804
Anex-M,2025,2,3371
Anex-M,2025,3,2951
Anex-M,2025,4,3004
Anex-M,2025,5,3083
Anex-M,2025,6,2645
Anex-M,2025,7,2927
Anex-M,2025,8,2866
Anex-M,2025,9,2653
Anex-M,2025,10,2298
Anex-M,2025,11,2577
Anex-M,2025,12,2027
Anex-M,2026,1,382
Anex-M,2026,2,112
Anplag,2024,1,14271
Anplag,2024,2,14286
Anplag,2024,3,15400
Anplag,2024,4,15006
Anplag,2024,5,16478
Anplag,2024,6,14909
Anplag,2024,7,17870
Anplag,2024,8,17910
Anplag,2024,9,17528
Anplag,2024,10,20128
Anplag,2024,11,19040
Anplag,2024,12,20763
Anplag,2025,1,22745
Anplag,2025,2,20707
Anplag,2025,3,22828
Anplag,2025,4,22261
Anplag,2025,5,25312
Anplag,2025,6,23357
Anplag,2025,7,27727
Anplag,2025,8,27766
Anplag,2025,9,29738
Anplag,2025,10,30670
Anplag,2025,11,30239
Anplag,2025,12,34815
Anplag,2026,1,36451
Anplag,2026,2,9583
Arbi,2024,1,13189
Arbi,2024,2,12504
Arbi,2024,3,12210
Arbi,2024,4,11455
Arbi,2024,5,12030
Arbi,2024,6,11496
Arbi,2024,7,11412
Arbi,2024,8,11516
Arbi,2024,9,11430
Arbi,2024,10,11814
Arbi,2024,11,11288
Arbi,2024,12,11320
Arbi,2025,1,12568
Arbi,2025,2,11351
Arbi,2025,3,12394
Arbi,2025,4,11263
Arbi,2025,5,12161
Arbi,2025,6,11238
Arbi,2025,7,12403
Arbi,2025,8,12162
Arbi,2025,9,11432
Arbi,2025,10,11681
Arbi,2025,11,11002
Arbi,2025,12,12485
Arbi,2026,1,11700
Arbi,2026,2,3360
Arbi-A,2024,3,5778
Arbi-A,2024,4,1557
Arbi-A,2024,5,2251
Arbi-A,2024,6,2126
Arbi-A,2024,7,2878
Arbi-A,2024,8,3752
Arbi-A,2024,9,3546
Arbi-A,2024,10,4471
Arbi-A,2024,11,4698
Arbi-A,2024,12,4944
Arbi-A,2025,1,4378
Arbi-A,2025,2,5086
Arbi-A,2025,3,4802
Arbi-A,2025,4,4300
Arbi-A,2025,5,4152
Arbi-A,2025,6,3562
Arbi-A,2025,7,3858
Arbi-A,2025,8,3547
Arbi-A,2025,9,2578
Arbi-A,2025,10,2578
Arbi-A,2025,11,1544
Arbi-A,2025,12,3279
Arbi-A,2026,1,4334
Arbi-A,2026,2,1085
Arbi-D,2024,1,21245
Arbi-D,2024,2,19035
Arbi-D,2024,3,20061
Arbi-D,2024,4,17197
Arbi-D,2024,5,21281
Arbi-D,2024,6,20054
Arbi-D,2024,7,18648
Arbi-D,2024,8,20084
Arbi-D,2024,9,19452
Arbi-D,2024,10,20279
Arbi-D,2024,11,19309
Arbi-D,2024,12,20184
Arbi-D,2025,1,20724
Arbi-D,2025,2,20394
Arbi-D,2025,3,21242
Arbi-D,2025,4,19735
Arbi-D,2025,5,21408
Arbi-D,2025,6,20010
Arbi-D,2025,7,21773
Arbi-D,2025,8,20882
Arbi-D,2025,9,21792
Arbi-D,2025,10,21794
Arbi-D,2025,11,20801
Arbi-D,2025,12,22748
Arbi-D,2026,1,21832
Arbi-D,2026,2,6526
Avsar,2024,1,264555
Avsar,2024,2,264741
Avsar,2024,3,285131
Avsar,2024,4,273608
Avsar,2024,5,266690
Avsar,2024,6,260826
Avsar,2024,7,278985
Avsar,2024,8,290016
Avsar,2024,9,288063
Avsar,2024,10,304105
Avsar,2024,11,301087
Avsar,2024,12,315924
Avsar,2025,1,342270
Avsar,2025,2,330186
Avsar,2025,3,352044
Avsar,2025,4,320887
Avsar,2025,5,326758
Avsar,2025,6,323507
Avsar,2025,7,348334
Avsar,2025,8,335920
Avsar,2025,9,349670
Avsar,2025,10,357466
Avsar,2025,11,350728
Avsar,2025,12,389464
Avsar,2026,1,400885
Avsar,2026,2,117101
Avsar Plus,2024,1,85709
Avsar Plus,2024,2,83520
Avsar Plus,2024,3,90627
Avsar Plus,2024,4,84839
Avsar Plus,2024,5,88840
Avsar Plus,2024,6,80147
Avsar Plus,2024,7,81711
Avsar Plus,2024,8,97178
Avsar Plus,2024,9,93962
Avsar Plus,2024,10,100023
Avsar Plus,2024,11,96342
Avsar Plus,2024,12,102184
Avsar Plus,2025,1,112924
Avsar Plus,2025,2,110076
Avsar Plus,2025,3,115036
Avsar Plus,2025,4,107382
Avsar Plus,2025,5,114278
Avsar Plus,2025,6,108096
Avsar Plus,2025,7,116453
Avsar Plus,2025,8,111599
Avsar Plus,2025,9,116826
Avsar Plus,2025,10,119847
Avsar Plus,2025,11,117981
Avsar Plus,2025,12,129854
Avsar Plus,2026,1,134456
Avsar Plus,2026,2,39063
AXIFER,2024,1,411
AXIFER,2024,2,589
AXIFER,2024,3,629
AXIFER,2024,4,821
AXIFER,2024,5,890
AXIFER,2024,6,634
AXIFER,2024,7,122
AXIFER,2024,8,0
AXIFER,2024,9,1
AXIFER,2024,10,-3
AXIFER,2024,11,-1
AXIFER,2024,12,-25
AXIFER,2025,1,-5
Azliv,2024,1,-153
Azliv,2024,2,-53
Azliv,2024,3,-35
Azliv,2024,4,-36
Azliv,2024,5,-16
Azliv,2024,6,-13
Azliv,2024,7,-6
Azliv,2024,8,-1
Azliv,2024,9,306
Azliv,2024,10,-2
Azliv,2024,11,-74
Azliv,2024,12,-172
Azliv,2025,1,-15
Azliv,2025,2,-22
Azliv,2025,3,-24
Azliv,2025,4,-1
Azliv,2025,7,-1
Azliv,2025,11,-1
BD PEN NEEDLE,2024,1,119591
BD PEN NEEDLE,2024,2,112070
BD PEN NEEDLE,2024,3,103339
BD PEN NEEDLE,2024,4,117718
BD PEN NEEDLE,2024,5,112613
BD PEN NEEDLE,2024,6,94792
BD PEN NEEDLE,2024,7,118891
BD PEN NEEDLE,2024,8,90233
BD PEN NEEDLE,2024,9,146531
BD PEN NEEDLE,2024,10,127234
BD PEN NEEDLE,2024,11,118869
BD PEN NEEDLE,2024,12,131245
BD PEN NEEDLE,2025,1,124397
BD PEN NEEDLE,2025,2,157248
BD PEN NEEDLE,2025,3,112871
BD PEN NEEDLE,2025,4,124461
BD PEN NEEDLE,2025,5,181936
BD PEN NEEDLE,2025,6,120332
BD PEN NEEDLE,2025,7,119448
BD PEN NEEDLE,2025,8,123936
BD PEN NEEDLE,2025,9,134346
BD PEN NEEDLE,2025,10,125260
BD PEN NEEDLE,2025,11,291336
BD PEN NEEDLE,2025,12,117142
BD PEN NEEDLE,2026,1,126654
BD PEN NEEDLE,2026,2,27942
BD SYRINGE - BAG,2024,1,1758721
BD SYRINGE - BAG,2024,2,1869360
BD SYRINGE - BAG,2024,3,1664190
BD SYRINGE - BAG,2024,4,1834385
BD SYRINGE - BAG,2024,5,2025868
BD SYRINGE - BAG,2024,6,1894750
BD SYRINGE - BAG,2024,7,1850245
BD SYRINGE - BAG,2024,8,979395
BD SYRINGE - BAG,2024,9,1721220
BD SYRINGE - BAG,2024,10,1888855
BD SYRINGE - BAG,2024,11,1927055
BD SYRINGE - BAG,2024,12,2363515
BD SYRINGE - BAG,2025,1,2101615
BD SYRINGE - BAG,2025,2,1659270
BD SYRINGE - BAG,2025,3,1292440
BD SYRINGE - BAG,2025,4,1618585
BD SYRINGE - BAG,2025,5,1840725
BD SYRINGE - BAG,2025,6,2096835
BD SYRINGE - BAG,2025,7,1403420
BD SYRINGE - BAG,2025,8,2021890
BD SYRINGE - BAG,2025,9,1898551
BD SYRINGE - BAG,2025,10,1763028
BD SYRINGE - BAG,2025,11,1577605
BD SYRINGE - BAG,2025,12,1863363
BD SYRINGE - BAG,2026,1,1446182
BD SYRINGE - BAG,2026,2,255820
Bempion,2025,7,3704
Bempion,2025,8,1160
Bempion,2025,9,109
Bempion,2025,10,1992
Bempion,2025,11,2226
Bempion,2025,12,2067
Bempion,2026,1,2074
Bempion,2026,2,474
BONEDOL,2024,3,-1
BONEDOL,2025,1,-1
Busonide,2024,1,21629
Busonide,2024,2,21586
Busonide,2024,3,23667
Busonide,2024,4,21095
Busonide,2024,5,23562
Busonide,2024,6,19836
Busonide,2024,7,21595
Busonide,2024,8,24616
Busonide,2024,9,27476
Busonide,2024,10,30665
Busonide,2024,11,30791
Busonide,2024,12,35671
Busonide,2025,1,37564
Busonide,2025,2,35481
Busonide,2025,3,31640
Busonide,2025,4,30109
Busonide,2025,5,30713
Busonide,2025,6,25278
Busonide,2025,7,28773
Busonide,2025,8,30098
Busonide,2025,9,31654
Busonide,2025,10,37871
Busonide,2025,11,39004
Busonide,2025,12,44200
Busonide,2026,1,40292
Busonide,2026,2,10052
Byvas,2024,1,78659
Byvas,2024,2,80378
Byvas,2024,3,83072
Byvas,2024,4,68644
Byvas,2024,5,82279
Byvas,2024,6,75793
Byvas,2024,7,83140
Byvas,2024,8,88083
Byvas,2024,9,90551
Byvas,2024,10,97056
Byvas,2024,11,95258
Byvas,2024,12,103880
Byvas,2025,1,111960
Byvas,2025,2,101302
Byvas,2025,3,111101
Byvas,2025,4,99851
Byvas,2025,5,104734
Byvas,2025,6,98147
Byvas,2025,7,113117
Byvas,2025,8,111230
Byvas,2025,9,115748
Byvas,2025,10,117252
Byvas,2025,11,112110
Byvas,2025,12,124827
Byvas,2026,1,127359
Byvas,2026,2,33452
CEFIPIME,2025,1,-1
CEFIPIME,2025,3,0
CEFIPIME,2025,12,-1
CLEAR LAX,2024,3,-1
CLEAR LAX,2024,4,-6
CLEAR LAX,2024,5,-1
Dapwiz,2024,1,23332
Dapwiz,2024,2,23309
Dapwiz,2024,3,24871
Dapwiz,2024,4,19107
Dapwiz,2024,5,25778
Dapwiz,2024,6,18337
Dapwiz,2024,7,28794
Dapwiz,2024,8,25377
Dapwiz,2024,9,22518
Dapwiz,2024,10,26289
Dapwiz,2024,11,24976
Dapwiz,2024,12,26201
Dapwiz,2025,1,27649
Dapwiz,2025,2,23129
Dapwiz,2025,3,24003
Dapwiz,2025,4,22960
Dapwiz,2025,5,24314
Dapwiz,2025,6,23605
Dapwiz,2025,7,26182
Dapwiz,2025,8,24413
Dapwiz,2025,9,25861
Dapwiz,2025,10,25731
Dapwiz,2025,11,22595
Dapwiz,2025,12,24367
Dapwiz,2026,1,24550
Dapwiz,2026,2,6501
Dapwiz Plus XR,2024,4,7222
Dapwiz Plus XR,2024,5,3647
Dapwiz Plus XR,2024,6,2028
Dapwiz Plus XR,2024,7,3862
Dapwiz Plus XR,2024,8,6014
Dapwiz Plus XR,2024,9,6439
Dapwiz Plus XR,2024,10,5824
Dapwiz Plus XR,2024,11,8040
Dapwiz Plus XR,2024,12,8099
Dapwiz Plus XR,2025,1,8005
Dapwiz Plus XR,2025,2,6584
Dapwiz Plus XR,2025,3,4011
Dapwiz Plus XR,2025,4,7795
Dapwiz Plus XR,2025,5,7228
Dapwiz Plus XR,2025,6,6134
Dapwiz Plus XR,2025,7,6980
Dapwiz Plus XR,2025,8,6099
Dapwiz Plus XR,2025,9,5431
Dapwiz Plus XR,2025,10,7965
Dapwiz Plus XR,2025,11,6067
Dapwiz Plus XR,2025,12,5488
Dapwiz Plus XR,2026,1,5800
Dapwiz Plus XR,2026,2,538
Dipof,2024,1,7703
Dipof,2024,2,8776
Dipof,2024,3,10110
Dipof,2024,4,8248
Dipof,2024,5,9749
Dipof,2024,6,8540
Dipof,2024,7,9131
Dipof,2024,8,7288
Dipof,2024,9,2800
Dipof,2024,10,13382
Dipof,2024,11,8854
Dipof,2024,12,9172
Dipof,2025,1,10127
Dipof,2025,2,10257
Dipof,2025,3,7900
Dipof,2025,4,9401
Dipof,2025,5,9740
Dipof,2025,6,8598
Dipof,2025,7,9903
Dipof,2025,8,9888
Dipof,2025,9,9981
Dipof,2025,10,10119
Dipof,2025,11,9231
Dipof,2025,12,10360
Dipof,2026,1,10532
Dipof,2026,2,3049
Diu Tansin,2024,1,9812
Diu Tansin,2024,2,8939
Diu Tansin,2024,3,9399
Diu Tansin,2024,4,8331
Diu Tansin,2024,5,8558
Diu Tansin,2024,6,7721
Diu Tansin,2024,7,8438
Diu Tansin,2024,8,8222
Diu Tansin,2024,9,7350
Diu Tansin,2024,10,8233
Diu Tansin,2024,11,7546
Diu Tansin,2024,12,8086
Diu Tansin,2025,1,8237
Diu Tansin,2025,2,7208
Diu Tansin,2025,3,8378
Diu Tansin,2025,4,7885
Diu Tansin,2025,5,8050
Diu Tansin,2025,6,7745
Diu Tansin,2025,7,8791
Diu Tansin,2025,8,8399
Diu Tansin,2025,9,8610
Diu Tansin,2025,10,8942
Diu Tansin,2025,11,8770
Diu Tansin,2025,12,9449
Diu Tansin,2026,1,8980
Diu Tansin,2026,2,2453
Duzalta,2024,1,29095
Duzalta,2024,2,27099
Duzalta,2024,3,25553
Duzalta,2024,4,24962
Duzalta,2024,5,28215
Duzalta,2024,6,25736
Duzalta,2024,7,28837
Duzalta,2024,8,33454
Duzalta,2024,9,31681
Duzalta,2024,10,32913
Duzalta,2024,11,31458
Duzalta,2024,12,30640
Duzalta,2025,1,30832
Duzalta,2025,2,30636
Duzalta,2025,3,29487
Duzalta,2025,4,31328
Duzalta,2025,5,32094
Duzalta,2025,6,29130
Duzalta,2025,7,34571
Duzalta,2025,8,32907
Duzalta,2025,9,33970
Duzalta,2025,10,32937
Duzalta,2025,11,31126
Duzalta,2025,12,33242
Duzalta,2026,1,31945
Duzalta,2026,2,7217
Eglaro,2024,1,711
Eglaro,2024,2,766
Eglaro,2024,3,572
Eglaro,2024,4,-402
Eglaro,2024,5,597
Eglaro,2024,6,462
Eglaro,2024,7,497
Eglaro,2024,8,280
Eglaro,2024,9,-44
Eglaro,2024,10,466
Eglaro,2024,11,714
Eglaro,2024,12,655
Eglaro,2025,1,686
Eglaro,2025,2,468
Eglaro,2025,3,356
Eglaro,2025,4,461
Eglaro,2025,5,500
Eglaro,2025,6,440
Eglaro,2025,7,609
Eglaro,2025,8,564
Eglaro,2025,9,632
Eglaro,2025,10,626
Eglaro,2025,11,595
Eglaro,2025,12,638
Eglaro,2026,1,713
Eglaro,2026,2,178
Eglaro-S,2024,1,9911
Eglaro-S,2024,2,9958
Eglaro-S,2024,3,11468
Eglaro-S,2024,4,7927
Eglaro-S,2024,5,10696
Eglaro-S,2024,6,11006
Eglaro-S,2024,7,13413
Eglaro-S,2024,8,12714
Eglaro-S,2024,9,12411
Eglaro-S,2024,10,12695
Eglaro-S,2024,11,14188
Eglaro-S,2024,12,13258
Eglaro-S,2025,1,13747
Eglaro-S,2025,2,13661
Eglaro-S,2025,3,15037
Eglaro-S,2025,4,14646
Eglaro-S,2025,5,15573
Eglaro-S,2025,6,15145
Eglaro-S,2025,7,16376
Eglaro-S,2025,8,16346
Eglaro-S,2025,9,17227
Eglaro-S,2025,10,17606
Eglaro-S,2025,11,16357
Eglaro-S,2025,12,17367
Eglaro-S,2026,1,18358
Eglaro-S,2026,2,5005
Erli,2024,1,30239
Erli,2024,2,29540
Erli,2024,3,30860
Erli,2024,4,28087
Erli,2024,5,29263
Erli,2024,6,29900
Erli,2024,7,33913
Erli,2024,8,36253
Erli,2024,9,36921
Erli,2024,10,40386
Erli,2024,11,38754
Erli,2024,12,39897
Erli,2025,1,43354
Erli,2025,2,41674
Erli,2025,3,43978
Erli,2025,4,43189
Erli,2025,5,46531
Erli,2025,6,44625
Erli,2025,7,50722
Erli,2025,8,50302
Erli,2025,9,53743
Erli,2025,10,54621
Erli,2025,11,51728
Erli,2025,12,55917
Erli,2026,1,57694
Erli,2026,2,15417
Erli Plus,2024,1,14747
Erli Plus,2024,2,18186
Erli Plus,2024,3,17529
Erli Plus,2024,4,18662
Erli Plus,2024,5,19261
Erli Plus,2024,6,17872
Erli Plus,2024,7,26673
Erli Plus,2024,8,27384
Erli Plus,2024,9,26734
Erli Plus,2024,10,30382
Erli Plus,2024,11,28548
Erli Plus,2024,12,30336
Erli Plus,2025,1,34901
Erli Plus,2025,2,33466
Erli Plus,2025,3,33798
Erli Plus,2025,4,35826
Erli Plus,2025,5,37929
Erli Plus,2025,6,32194
Erli Plus,2025,7,40125
Erli Plus,2025,8,40858
Erli Plus,2025,9,39316
Erli Plus,2025,10,44627
Erli Plus,2025,11,40292
Erli Plus,2025,12,44127
Erli Plus,2026,1,42684
Erli Plus,2026,2,11435
Erli Plus XR,2024,1,30181
Erli Plus XR,2024,2,29445
Erli Plus XR,2024,3,31384
Erli Plus XR,2024,4,28892
Erli Plus XR,2024,5,20329
Erli Plus XR,2024,6,31568
Erli Plus XR,2024,7,35798
Erli Plus XR,2024,8,32318
Erli Plus XR,2024,9,30355
Erli Plus XR,2024,10,31234
Erli Plus XR,2024,11,26600
Erli Plus XR,2024,12,30362
Erli Plus XR,2025,1,31098
Erli Plus XR,2025,2,29537
Erli Plus XR,2025,3,28964
Erli Plus XR,2025,4,27406
Erli Plus XR,2025,5,29840
Erli Plus XR,2025,6,27308
Erli Plus XR,2025,7,30449
Erli Plus XR,2025,8,28668
Erli Plus XR,2025,9,26830
Erli Plus XR,2025,10,28979
Erli Plus XR,2025,11,26999
Erli Plus XR,2025,12,29137
Erli Plus XR,2026,1,30205
Erli Plus XR,2026,2,7676
Erlina,2024,1,19446
Erlina,2024,2,20991
Erlina,2024,3,22132
Erlina,2024,4,21030
Erlina,2024,5,18915
Erlina,2024,6,27431
Erlina,2024,7,28870
Erlina,2024,8,31990
Erlina,2024,9,30404
Erlina,2024,10,34442
Erlina,2024,11,31807
Erlina,2024,12,25821
Erlina,2025,1,40799
Erlina,2025,2,36596
Erlina,2025,3,36432
Erlina,2025,4,11848
Erlina,2025,5,59081
Erlina,2025,6,36895
Erlina,2025,7,45856
Erlina,2025,8,39901
Erlina,2025,9,32702
Erlina,2025,10,56638
Erlina,2025,11,43982
Erlina,2025,12,48021
Erlina,2026,1,30381
Erlina,2026,2,21096
Erlina Plus XR,2024,4,10
Erlina Plus XR,2024,5,28
Erlina Plus XR,2024,6,3
Erlina Plus XR,2024,7,1
Erlina Plus XR,2024,8,3945
Erlina Plus XR,2024,9,3645
Erlina Plus XR,2024,10,4830
Erlina Plus XR,2024,11,8479
Erlina Plus XR,2024,12,8228
Erlina Plus XR,2025,1,9462
Erlina Plus XR,2025,2,13063
Erlina Plus XR,2025,3,15499
Erlina Plus XR,2025,4,14000
Erlina Plus XR,2025,5,13226
Erlina Plus XR,2025,6,19610
Erlina Plus XR,2025,7,22544
Erlina Plus XR,2025,8,24265
Erlina Plus XR,2025,9,22655
Erlina Plus XR,2025,10,29660
Erlina Plus XR,2025,11,21010
Erlina Plus XR,2025,12,22771
Erlina Plus XR,2026,1,23286
Erlina Plus XR,2026,2,8699
ESMART,2024,3,-21
ESMART,2024,4,-22
ESMART,2024,5,0
ESMART,2025,10,-1
Estar,2024,1,106997
Estar,2024,2,104156
Estar,2024,3,97337
Estar,2024,4,96490
Estar,2024,5,109846
Estar,2024,6,101032
Estar,2024,7,112907
Estar,2024,8,128052
Estar,2024,9,129301
Estar,2024,10,132553
Estar,2024,11,123577
Estar,2024,12,122153
Estar,2025,1,129966
Estar,2025,2,133685
Estar,2025,3,120462
Estar,2025,4,133165
Estar,2025,5,136556
Estar,2025,6,124702
Estar,2025,7,147115
Estar,2025,8,147068
Estar,2025,9,152621
Estar,2025,10,152315
Estar,2025,11,142861
Estar,2025,12,155689
Estar,2026,1,156667
Estar,2026,2,31615
Evo Joshanda,2024,1,6220
Evo Joshanda,2024,2,10227
Evo Joshanda,2024,3,1279
Evo Joshanda,2024,4,519
Evo Joshanda,2024,5,165
Evo Joshanda,2024,6,-738
Evo Joshanda,2024,7,-90
Evo Joshanda,2024,8,1032
Evo Joshanda,2024,9,2287
Evo Joshanda,2024,10,3798
Evo Joshanda,2024,11,1364
Evo Joshanda,2024,12,434
Evo Joshanda,2025,1,93
Evo Joshanda,2025,2,-78
Evo Joshanda,2025,3,33
Evo Joshanda,2025,4,-133
Evo Joshanda,2025,5,42
Evo Joshanda,2025,6,-51
Evo Joshanda,2025,7,-248
Evo Joshanda,2025,8,9
Evo Joshanda,2025,9,-343
Evo Joshanda,2025,10,37
Evo Joshanda,2025,11,-245
Evo Joshanda,2025,12,-60
Evo Joshanda,2026,1,-169
Evo Joshanda,2026,2,0
EvoCheck,2024,1,7887
EvoCheck,2024,2,10807
EvoCheck,2024,3,8615
EvoCheck,2024,4,8703
EvoCheck,2024,5,9764
EvoCheck,2024,6,13404
EvoCheck,2024,7,8724
EvoCheck,2024,8,9930
EvoCheck,2024,9,10710
EvoCheck,2024,10,9808
EvoCheck,2024,11,9483
EvoCheck,2024,12,8514
EvoCheck,2025,1,8950
EvoCheck,2025,2,7724
EvoCheck,2025,3,8787
EvoCheck,2025,4,8359
EvoCheck,2025,5,10381
EvoCheck,2025,6,9682
EvoCheck,2025,7,9775
EvoCheck,2025,8,10141
EvoCheck,2025,9,11259
EvoCheck,2025,10,9751
EvoCheck,2025,11,12052
EvoCheck,2025,12,9195
EvoCheck,2026,1,8110
EvoCheck,2026,2,1670
EvoCheck Go,2024,1,5161
EvoCheck Go,2024,2,11956
EvoCheck Go,2024,3,7266
EvoCheck Go,2024,4,5674
EvoCheck Go,2024,5,8233
EvoCheck Go,2024,6,9694
EvoCheck Go,2024,7,7089
EvoCheck Go,2024,8,9880
EvoCheck Go,2024,9,10187
EvoCheck Go,2024,10,10853
EvoCheck Go,2024,11,11174
EvoCheck Go,2024,12,7515
EvoCheck Go,2025,1,9960
EvoCheck Go,2025,2,10259
EvoCheck Go,2025,3,9798
EvoCheck Go,2025,4,9007
EvoCheck Go,2025,5,12489
EvoCheck Go,2025,6,11145
EvoCheck Go,2025,7,13147
EvoCheck Go,2025,8,15091
EvoCheck Go,2025,9,14209
EvoCheck Go,2025,10,12695
EvoCheck Go,2025,11,13770
EvoCheck Go,2025,12,11823
EvoCheck Go,2026,1,13176
EvoCheck Go,2026,2,2078
Evocheck M BGM,2024,3,-17
EvoCheck Premium LinX,2025,11,87
EvoCheck Premium LinX,2025,12,447
EvoCheck Premium LinX,2026,1,194
EvoCheck Premium LinX,2026,2,98
EVOCIN,2024,4,-2
EVOCIN,2025,10,-5
EVODOXIM,2024,7,0
Evofix,2024,1,22654
Evofix,2024,2,22308
Evofix,2024,3,20646
Evofix,2024,4,19832
Evofix,2024,5,23546
Evofix,2024,6,15847
Evofix,2024,7,7149
Evofix,2024,8,6634
Evofix,2024,9,7115
Evofix,2024,10,6735
Evofix,2024,11,5960
Evofix,2024,12,5128
Evofix,2025,1,5610
Evofix,2025,2,5526
Evofix,2025,3,4322
Evofix,2025,4,4835
Evofix,2025,5,5334
Evofix,2025,6,3938
Evofix,2025,7,6000
Evofix,2025,8,6136
Evofix,2025,9,6427
Evofix,2025,10,7402
Evofix,2025,11,5846
Evofix,2025,12,5714
Evofix,2026,1,4631
Evofix,2026,2,1034
Evokalm,2024,1,29861
Evokalm,2024,2,27519
Evokalm,2024,3,27918
Evokalm,2024,4,26142
Evokalm,2024,5,28041
Evokalm,2024,6,25330
Evokalm,2024,7,26760
Evokalm,2024,8,30184
Evokalm,2024,9,30367
Evokalm,2024,10,32491
Evokalm,2024,11,32460
Evokalm,2024,12,32560
Evokalm,2025,1,35600
Evokalm,2025,2,34051
Evokalm,2025,3,34142
Evokalm,2025,4,35105
Evokalm,2025,5,36924
Evokalm,2025,6,33098
Evokalm,2025,7,35743
Evokalm,2025,8,36042
Evokalm,2025,9,37904
Evokalm,2025,10,36888
Evokalm,2025,11,34475
Evokalm,2025,12,40041
Evokalm,2026,1,38894
Evokalm,2026,2,9177
Evokalm XR,2024,1,3047
Evokalm XR,2024,2,3708
Evokalm XR,2024,3,3385
Evokalm XR,2024,4,3287
Evokalm XR,2024,5,3651
Evokalm XR,2024,6,2789
Evokalm XR,2024,7,3276
Evokalm XR,2024,8,3166
Evokalm XR,2024,9,3132
Evokalm XR,2024,10,3358
Evokalm XR,2024,11,3539
Evokalm XR,2024,12,3620
Evokalm XR,2025,1,3643
Evokalm XR,2025,2,4332
Evokalm XR,2025,3,3923
Evokalm XR,2025,4,2593
Evokalm XR,2025,5,5419
Evokalm XR,2025,6,3941
Evokalm XR,2025,7,4184
Evokalm XR,2025,8,4202
Evokalm XR,2025,9,4414
Evokalm XR,2025,10,4321
Evokalm XR,2025,11,3525
Evokalm XR,2025,12,4110
Evokalm XR,2026,1,3952
Evokalm XR,2026,2,950
Evopravir,2024,2,0
Evopravir,2024,3,-10
Evopravir,2024,4,-1
Evopravir,2024,5,1
Evopravir,2024,7,0
Evopride,2024,1,25780
Evopride,2024,2,26327
Evopride,2024,3,26817
Evopride,2024,4,25094
Evopride,2024,5,27603
Evopride,2024,6,25641
Evopride,2024,7,27996
Evopride,2024,8,30602
Evopride,2024,9,28616
Evopride,2024,10,29898
Evopride,2024,11,28589
Evopride,2024,12,27983
Evopride,2025,1,29217
Evopride,2025,2,28989
Evopride,2025,3,29525
Evopride,2025,4,28022
Evopride,2025,5,28819
Evopride,2025,6,27303
Evopride,2025,7,30639
Evopride,2025,8,27323
Evopride,2025,9,27389
Evopride,2025,10,27600
Evopride,2025,11,25957
Evopride,2025,12,25745
Evopride,2026,1,28665
Evopride,2026,2,7127
Evopride Plus,2024,1,55130
Evopride Plus,2024,2,51040
Evopride Plus,2024,3,53632
Evopride Plus,2024,4,52279
Evopride Plus,2024,5,55367
Evopride Plus,2024,6,53043
Evopride Plus,2024,7,57199
Evopride Plus,2024,8,58737
Evopride Plus,2024,9,57339
Evopride Plus,2024,10,57563
Evopride Plus,2024,11,54501
Evopride Plus,2024,12,47060
Evopride Plus,2025,1,61994
Evopride Plus,2025,2,56112
Evopride Plus,2025,3,55385
Evopride Plus,2025,4,53072
Evopride Plus,2025,5,56555
Evopride Plus,2025,6,54301
Evopride Plus,2025,7,57814
Evopride Plus,2025,8,54539
Evopride Plus,2025,9,55285
Evopride Plus,2025,10,56811
Evopride Plus,2025,11,50840
Evopride Plus,2025,12,54820
Evopride Plus,2026,1,53921
Evopride Plus,2026,2,14831
EVOROX,2024,5,0
EVOZID,2024,1,-1
Fasteso,2024,1,8378
Fasteso,2024,2,8994
Fasteso,2024,3,8570
Fasteso,2024,4,6513
Fasteso,2024,5,3678
Fasteso,2024,6,374
Fasteso,2024,7,987
Fasteso,2024,8,9332
Fasteso,2024,9,7107
Fasteso,2024,10,7232
Fasteso,2024,11,7775
Fasteso,2024,12,7646
Fasteso,2025,1,10193
Fasteso,2025,2,11333
Fasteso,2025,3,10771
Fasteso,2025,4,9372
Fasteso,2025,5,8235
Fasteso,2025,6,7451
Fasteso,2025,7,8786
Fasteso,2025,8,9830
Fasteso,2025,9,11344
Fasteso,2025,10,12281
Fasteso,2025,11,9439
Fasteso,2025,12,9423
Fasteso,2026,1,6262
Fasteso,2026,2,1665
Femova,2024,1,11349
Femova,2024,2,11822
Femova,2024,3,10969
Femova,2024,4,10179
Femova,2024,5,11650
Femova,2024,6,11288
Femova,2024,7,12972
Femova,2024,8,13791
Femova,2024,9,13648
Femova,2024,10,14535
Femova,2024,11,13229
Femova,2024,12,12597
Femova,2025,1,12317
Femova,2025,2,12771
Femova,2025,3,12090
Femova,2025,4,12858
Femova,2025,5,15370
Femova,2025,6,12736
Femova,2025,7,16362
Femova,2025,8,16445
Femova,2025,9,17091
Femova,2025,10,17139
Femova,2025,11,15602
Femova,2025,12,15513
Femova,2026,1,13899
Femova,2026,2,2939
Ferfer,2024,1,14107
Ferfer,2024,2,14733
Ferfer,2024,3,16083
Ferfer,2024,4,16264
Ferfer,2024,5,20723
Ferfer,2024,6,19833
Ferfer,2024,7,23249
Ferfer,2024,8,25043
Ferfer,2024,9,24231
Ferfer,2024,10,24710
Ferfer,2024,11,22157
Ferfer,2024,12,19466
Ferfer,2025,1,20163
Ferfer,2025,2,20828
Ferfer,2025,3,21428
Ferfer,2025,4,25733
Ferfer,2025,5,28914
Ferfer,2025,6,26531
Ferfer,2025,7,31388
Ferfer,2025,8,30073
Ferfer,2025,9,34112
Ferfer,2025,10,30672
Ferfer,2025,11,26556
Ferfer,2025,12,25744
Ferfer,2026,1,22877
Ferfer,2026,2,4858
Ferfer Gro,2024,1,7069
Ferfer Gro,2024,2,7630
Ferfer Gro,2024,3,7859
Ferfer Gro,2024,4,8919
Ferfer Gro,2024,5,12637
Ferfer Gro,2024,6,9617
Ferfer Gro,2024,7,8721
Ferfer Gro,2024,8,8529
Ferfer Gro,2024,9,7810
Ferfer Gro,2024,10,8115
Ferfer Gro,2024,11,4301
Ferfer Gro,2024,12,1276
Ferfer Gro,2025,1,282
Ferfer Gro,2025,2,55
Ferfer Gro,2025,3,42
Ferfer Gro,2025,4,-38
Ferfer Gro,2025,5,-48
Ferfer Gro,2025,6,-39
Ferfer Gro,2025,7,-62
Ferfer Gro,2025,8,-38
Ferfer Gro,2025,9,-62
Ferfer Gro,2025,10,-57
Ferfer Gro,2025,11,-53
Ferfer Gro,2025,12,-54
Ferfer Gro,2026,1,-71
Ferfer Gro,2026,2,-4
Finno-Q,2024,5,4070
Finno-Q,2024,6,-411
Finno-Q,2024,7,-38
Finno-Q,2024,8,-22
Finno-Q,2024,9,4053
Finno-Q,2024,10,4382
Finno-Q,2024,11,4905
Finno-Q,2024,12,5571
Finno-Q,2025,1,5830
Finno-Q,2025,2,5638
Finno-Q,2025,3,4855
Finno-Q,2025,4,5773
Finno-Q,2025,5,7275
Finno-Q,2025,6,6036
Finno-Q,2025,7,7217
Finno-Q,2025,8,6821
Finno-Q,2025,9,6724
Finno-Q,2025,10,7575
Finno-Q,2025,11,5791
Finno-Q,2025,12,5450
Finno-Q,2026,1,5450
Finno-Q,2026,2,1356
FORMIS,2024,2,0
FORMIS,2024,3,-5
FORMIS,2024,4,-2
FORMIS,2024,5,0
FORMIS,2024,8,-1
Forsonide,2025,1,2101
Forsonide,2025,2,1223
Forsonide,2025,3,903
Forsonide,2025,4,777
Forsonide,2025,5,849
Forsonide,2025,6,817
Forsonide,2025,7,1030
Forsonide,2025,8,1052
Forsonide,2025,9,1018
Forsonide,2025,10,1085
Forsonide,2025,11,930
Forsonide,2025,12,759
Forsonide,2026,1,393
Forsonide,2026,2,68
FREEDEP,2024,1,0
FREEDEP,2024,3,-11
FREEDEP,2024,4,-12
FREEDEP,2024,5,-1
FREEDEP,2024,7,-1
FREEDEP,2024,10,-1
FREEDEP,2024,12,-2
FREEDEP,2025,2,-1
FREEDEP,2025,4,-2
FREEDEP,2025,5,-4
FREEDEP,2025,6,-4
FREEDEP,2025,7,-2
FREEDEP,2025,9,-1
FREEDEP,2026,2,-2
Galvecta,2024,1,2403
Galvecta,2024,2,2324
Galvecta,2024,3,2221
Galvecta,2024,4,1941
Galvecta,2024,5,1951
Galvecta,2024,6,1979
Galvecta,2024,7,1689
Galvecta,2024,8,1986
Galvecta,2024,9,1739
Galvecta,2024,10,1827
Galvecta,2024,11,1589
Galvecta,2024,12,1649
Galvecta,2025,1,1365
Galvecta,2025,2,1512
Galvecta,2025,3,1509
Galvecta,2025,4,1607
Galvecta,2025,5,1655
Galvecta,2025,6,1395
Galvecta,2025,7,1582
Galvecta,2025,8,1467
Galvecta,2025,9,1480
Galvecta,2025,10,1666
Galvecta,2025,11,1483
Galvecta,2025,12,1411
Galvecta,2026,1,1208
Galvecta,2026,2,363
Galvecta Plus,2024,1,17451
Galvecta Plus,2024,2,16815
Galvecta Plus,2024,3,16377
Galvecta Plus,2024,4,15707
Galvecta Plus,2024,5,15314
Galvecta Plus,2024,6,15058
Galvecta Plus,2024,7,14622
Galvecta Plus,2024,8,14646
Galvecta Plus,2024,9,14787
Galvecta Plus,2024,10,14857
Galvecta Plus,2024,11,13612
Galvecta Plus,2024,12,13131
Galvecta Plus,2025,1,13157
Galvecta Plus,2025,2,12982
Galvecta Plus,2025,3,13669
Galvecta Plus,2025,4,12356
Galvecta Plus,2025,5,13648
Galvecta Plus,2025,6,11511
Galvecta Plus,2025,7,13238
Galvecta Plus,2025,8,12623
Galvecta Plus,2025,9,12093
Galvecta Plus,2025,10,12627
Galvecta Plus,2025,11,11369
Galvecta Plus,2025,12,12724
Galvecta Plus,2026,1,11918
Galvecta Plus,2026,2,3291
Gouric,2024,1,92052
Gouric,2024,2,94788
Gouric,2024,3,106192
Gouric,2024,4,105669
Gouric,2024,5,120923
Gouric,2024,6,115391
Gouric,2024,7,141713
Gouric,2024,8,140804
Gouric,2024,9,139287
Gouric,2024,10,141961
Gouric,2024,11,123999
Gouric,2024,12,117234
Gouric,2025,1,116019
Gouric,2025,2,113546
Gouric,2025,3,123886
Gouric,2025,4,128734
Gouric,2025,5,146020
Gouric,2025,6,144765
Gouric,2025,7,158429
Gouric,2025,8,151632
Gouric,2025,9,160060
Gouric,2025,10,170420
Gouric,2025,11,144761
Gouric,2025,12,144829
Gouric,2026,1,133222
Gouric,2026,2,30783
HIFAZAT,2024,1,-91
HIFAZAT,2024,2,-3
HIFAZAT,2024,3,-3
HIFAZAT,2024,4,-2
Histalis,2024,1,10833
Histalis,2024,2,9710
Histalis,2024,3,11424
Histalis,2024,4,9166
Histalis,2024,5,10486
Histalis,2024,6,8426
Histalis,2024,7,9605
Histalis,2024,8,10742
Histalis,2024,9,11974
Histalis,2024,10,14286
Histalis,2024,11,12666
Histalis,2024,12,14262
Histalis,2025,1,14166
Histalis,2025,2,13491
Histalis,2025,3,12062
Histalis,2025,4,11814
Histalis,2025,5,11922
Histalis,2025,6,9601
Histalis,2025,7,11568
Histalis,2025,8,12593
Histalis,2025,9,13257
Histalis,2025,10,15598
Histalis,2025,11,15367
Histalis,2025,12,14738
Histalis,2026,1,12504
Histalis,2026,2,2984
IBANDRO,2024,1,-15
IBANDRO,2024,2,-53
IBANDRO,2024,3,-50
IBANDRO,2024,4,-96
IBANDRO,2024,5,-15
IBANDRO,2024,6,-2
IBANDRO,2024,7,-5
IBANDRO,2024,8,-10
IBANDRO,2024,9,1
IBANDRO,2024,10,-3
IBANDRO,2024,11,-2
IBANDRO,2024,12,-2
IBANDRO,2025,1,-2
IBANDRO,2025,2,-1
IBANDRO,2025,12,-1
INNOGEN N,2024,3,-1
INNOGEN N,2024,4,-5
INNOGEN R,2024,3,-4
INNOGEN R,2024,4,-2
Inosita,2024,1,13648
Inosita,2024,2,12516
Inosita,2024,3,13147
Inosita,2024,4,11833
Inosita,2024,5,13288
Inosita,2024,6,13198
Inosita,2024,7,13692
Inosita,2024,8,14369
Inosita,2024,9,14224
Inosita,2024,10,16736
Inosita,2024,11,14112
Inosita,2024,12,13598
Inosita,2025,1,15186
Inosita,2025,2,13764
Inosita,2025,3,14999
Inosita,2025,4,11787
Inosita,2025,5,12864
Inosita,2025,6,11315
Inosita,2025,7,14121
Inosita,2025,8,14300
Inosita,2025,9,14988
Inosita,2025,10,14327
Inosita,2025,11,13409
Inosita,2025,12,14431
Inosita,2026,1,15093
Inosita,2026,2,3975
Inosita Plus,2024,1,137563
Inosita Plus,2024,2,129034
Inosita Plus,2024,3,137835
Inosita Plus,2024,4,132315
Inosita Plus,2024,5,133279
Inosita Plus,2024,6,133661
Inosita Plus,2024,7,139828
Inosita Plus,2024,8,148635
Inosita Plus,2024,9,149491
Inosita Plus,2024,10,157574
Inosita Plus,2024,11,147753
Inosita Plus,2024,12,151937
Inosita Plus,2025,1,151469
Inosita Plus,2025,2,149275
Inosita Plus,2025,3,148551
Inosita Plus,2025,4,151312
Inosita Plus,2025,5,151910
Inosita Plus,2025,6,156191
Inosita Plus,2025,7,174250
Inosita Plus,2025,8,159982
Inosita Plus,2025,9,170848
Inosita Plus,2025,10,164655
Inosita Plus,2025,11,151860
Inosita Plus,2025,12,159874
Inosita Plus,2026,1,159287
Inosita Plus,2026,2,41802
Iprazyme,2025,9,202
Iprazyme,2025,10,3382
Iprazyme,2025,11,1860
Iprazyme,2025,12,4824
Iprazyme,2026,1,5703
Iprazyme,2026,2,1038
Iprazyme-S,2025,9,196
Iprazyme-S,2025,10,3157
Iprazyme-S,2025,11,3134
Iprazyme-S,2025,12,6422
Iprazyme-S,2026,1,7159
Iprazyme-S,2026,2,1883
Itipso,2024,4,120
Itipso,2024,5,9132
Itipso,2024,6,6642
Itipso,2024,7,11236
Itipso,2024,8,11834
Itipso,2024,9,4390
Itipso,2024,10,8460
Itipso,2024,11,9925
Itipso,2024,12,8474
Itipso,2025,1,10245
Itipso,2025,2,9812
Itipso,2025,3,9038
Itipso,2025,4,9276
Itipso,2025,5,10715
Itipso,2025,6,9359
Itipso,2025,7,13043
Itipso,2025,8,14198
Itipso,2025,9,15000
Itipso,2025,10,14052
Itipso,2025,11,12474
Itipso,2025,12,12559
Itipso,2026,1,8997
Itipso,2026,2,2262
Ivadin,2024,1,8953
Ivadin,2024,2,7555
Ivadin,2024,3,10062
Ivadin,2024,4,8521
Ivadin,2024,5,8493
Ivadin,2024,6,8214
Ivadin,2024,7,8331
Ivadin,2024,8,5224
Ivadin,2024,9,8926
Ivadin,2024,10,6447
Ivadin,2024,11,1820
Ivadin,2024,12,955
Ivadin,2025,1,1276
Ivadin,2025,2,1109
Ivadin,2025,3,898
Ivadin,2025,4,241
Ivadin,2025,5,-356
Ivadin,2025,6,-33
Ivadin,2025,7,-274
Ivadin,2025,8,-51
Ivadin,2025,9,-38
Ivadin,2025,10,-61
Ivadin,2025,11,-85
Ivadin,2025,12,-561
Ivadin,2026,1,-469
Ivadin,2026,2,-91
K-1000,2024,1,19895
K-1000,2024,2,19963
K-1000,2024,3,19532
K-1000,2024,4,18505
K-1000,2024,5,23167
K-1000,2024,6,21300
K-1000,2024,7,24006
K-1000,2024,8,26993
K-1000,2024,9,28713
K-1000,2024,10,28902
K-1000,2024,11,27858
K-1000,2024,12,27321
K-1000,2025,1,28296
K-1000,2025,2,28247
K-1000,2025,3,25329
K-1000,2025,4,29271
K-1000,2025,5,30652
K-1000,2025,6,25430
K-1000,2025,7,32990
K-1000,2025,8,20317
K-1000,2025,9,34392
K-1000,2025,10,33585
K-1000,2025,11,30329
K-1000,2025,12,31315
K-1000,2026,1,28611
K-1000,2026,2,6160
K-1000 Plus,2025,3,230
K-1000 Plus,2025,4,8090
K-1000 Plus,2025,5,11965
K-1000 Plus,2025,6,12312
K-1000 Plus,2025,7,14788
K-1000 Plus,2025,8,15791
K-1000 Plus,2025,9,13640
K-1000 Plus,2025,10,5479
K-1000 Plus,2025,11,7894
K-1000 Plus,2025,12,6253
K-1000 Plus,2026,1,5229
K-1000 Plus,2026,2,1457
Kalsob,2024,1,28537
Kalsob,2024,2,27236
Kalsob,2024,3,27136
Kalsob,2024,4,25492
Kalsob,2024,5,32260
Kalsob,2024,6,29853
Kalsob,2024,7,36800
Kalsob,2024,8,39184
Kalsob,2024,9,39241
Kalsob,2024,10,45712
Kalsob,2024,11,42523
Kalsob,2024,12,40622
Kalsob,2025,1,42597
Kalsob,2025,2,45691
Kalsob,2025,3,41526
Kalsob,2025,4,44808
Kalsob,2025,5,50305
Kalsob,2025,6,46262
Kalsob,2025,7,55273
Kalsob,2025,8,55227
Kalsob,2025,9,38982
Kalsob,2025,10,64769
Kalsob,2025,11,54089
Kalsob,2025,12,55352
Kalsob,2026,1,54859
Kalsob,2026,2,12803
Klevra,2024,1,7798
Klevra,2024,2,5153
Klevra,2024,3,7162
Klevra,2024,4,6782
Klevra,2024,5,5789
Klevra,2024,6,6461
Klevra,2024,7,7472
Klevra,2024,8,7860
Klevra,2024,9,7767
Klevra,2024,10,7701
Klevra,2024,11,7034
Klevra,2024,12,8949
Klevra,2025,1,8969
Klevra,2025,2,8587
Klevra,2025,3,8487
Klevra,2025,4,9493
Klevra,2025,5,9163
Klevra,2025,6,7850
Klevra,2025,7,8960
Klevra,2025,8,9511
Klevra,2025,9,9539
Klevra,2025,10,9772
Klevra,2025,11,8342
Klevra,2025,12,11272
Klevra,2026,1,9825
Klevra,2026,2,1718
Klevra XR,2024,1,607
Klevra XR,2024,2,533
Klevra XR,2024,3,792
Klevra XR,2024,4,811
Klevra XR,2024,5,532
Klevra XR,2024,6,641
Klevra XR,2024,7,750
Klevra XR,2024,8,655
Klevra XR,2024,9,515
Klevra XR,2024,10,848
Klevra XR,2024,11,844
Klevra XR,2024,12,652
Klevra XR,2025,1,610
Klevra XR,2025,2,636
Klevra XR,2025,3,540
Klevra XR,2025,4,842
Klevra XR,2025,5,769
Klevra XR,2025,6,695
Klevra XR,2025,7,755
Klevra XR,2025,8,803
Klevra XR,2025,9,782
Klevra XR,2025,10,791
Klevra XR,2025,11,763
Klevra XR,2025,12,1007
Klevra XR,2026,1,579
Klevra XR,2026,2,131
LACTEUS 1,2024,3,-40
LACTEUS 1,2024,4,-23
LACTEUS 1,2024,5,0
LACTEUS 1,2024,6,0
LACTEUS 2,2024,2,0
LACTEUS 2,2024,3,-49
LACTEUS 2,2024,4,-22
LACTEUS 2,2024,5,-3
LACTEUS 2,2024,6,0
LACTEUS 2,2024,7,-1
LACTEUS 3,2024,3,-22
LACTEUS 3,2024,4,-9
LACTEUS 3,2024,5,0
LACTEUS AR,2024,3,-45
LACTEUS AR,2024,4,-22
LACTEUS AR,2024,5,0
LACTEUS AR,2024,6,0
LACTEUS GROW 3,2024,1,-2
LACTEUS GROW 3,2024,2,-1
LACTEUS GROW 3,2024,3,-1
LACTEUS GROW 3,2024,4,-9
LACTEUS GROW 3,2024,5,0
LACTEUS GROW 3,2024,6,0
LACTEUS LF,2024,3,-27
LACTEUS LF,2024,4,-16
LACTEUS LF,2024,5,0
LACTEUS LF,2024,6,0
LACTEUS MAMA,2024,4,-8
LACTEUS MAMA,2024,5,0
LACTEUS MAMA,2024,6,0
LACTEUS MAMA,2024,8,-3
LIMITROL,2024,1,2
Lowplat,2024,1,334113
Lowplat,2024,2,338066
Lowplat,2024,3,345655
Lowplat,2024,4,318718
Lowplat,2024,5,337628
Lowplat,2024,6,320618
Lowplat,2024,7,334099
Lowplat,2024,8,342158
Lowplat,2024,9,327021
Lowplat,2024,10,340505
Lowplat,2024,11,337105
Lowplat,2024,12,341049
Lowplat,2025,1,351436
Lowplat,2025,2,329790
Lowplat,2025,3,367324
Lowplat,2025,4,339309
Lowplat,2025,5,378963
Lowplat,2025,6,342349
Lowplat,2025,7,375778
Lowplat,2025,8,365796
Lowplat,2025,9,370899
Lowplat,2025,10,378088
Lowplat,2025,11,366086
Lowplat,2025,12,402972
Lowplat,2026,1,408396
Lowplat,2026,2,117753
Lowplat Plus,2024,1,418496
Lowplat Plus,2024,2,410066
Lowplat Plus,2024,3,436894
Lowplat Plus,2024,4,409323
Lowplat Plus,2024,5,420147
Lowplat Plus,2024,6,399531
Lowplat Plus,2024,7,422720
Lowplat Plus,2024,8,435289
Lowplat Plus,2024,9,427562
Lowplat Plus,2024,10,430227
Lowplat Plus,2024,11,419686
Lowplat Plus,2024,12,434763
Lowplat Plus,2025,1,446806
Lowplat Plus,2025,2,419665
Lowplat Plus,2025,3,455553
Lowplat Plus,2025,4,417420
Lowplat Plus,2025,5,453983
Lowplat Plus,2025,6,419192
Lowplat Plus,2025,7,460360
Lowplat Plus,2025,8,445510
Lowplat Plus,2025,9,461944
Lowplat Plus,2025,10,455151
Lowplat Plus,2025,11,435571
Lowplat Plus,2025,12,480583
Lowplat Plus,2026,1,481714
Lowplat Plus,2026,2,127268
MEZREL XR,2024,4,-1
MFIT,2024,2,-1
MFIT,2024,3,-15
MFIT,2024,4,-15
MFIT,2024,5,0
MFIT,2025,1,-1
Momist Nasal Spray,2025,7,5229
Momist Nasal Spray,2025,8,7683
Momist Nasal Spray,2025,9,7454
Momist Nasal Spray,2025,10,10017
Momist Nasal Spray,2025,11,11690
Momist Nasal Spray,2025,12,11726
Momist Nasal Spray,2026,1,10314
Momist Nasal Spray,2026,2,2384
MYOPRO,2024,1,-2
MYOPRO,2024,3,-37
MYOPRO,2024,4,-57
MYOPRO,2024,5,-11
MYOPRO,2024,6,0
MYOPRO,2024,12,-2
MYOPRO,2025,1,-2
NEBULIZERS,2024,3,0
NEBULIZERS,2024,11,16
NEBULIZERS,2024,12,-1
NEBULIZERS,2025,3,-1
NEBULIZERS,2025,4,-1
NEBULIZERS,2025,7,-2
NEBULIZERS,2026,1,-3
Neo Q 10,2024,1,2970
Neo Q 10,2024,2,2898
Neo Q 10,2024,3,2827
Neo Q 10,2024,4,2755
Neo Q 10,2024,5,2926
Neo Q 10,2024,6,2831
Neo Q 10,2024,7,3259
Neo Q 10,2024,8,3371
Neo Q 10,2024,9,3189
Neo Q 10,2024,10,3506
Neo Q 10,2024,11,3266
Neo Q 10,2024,12,3277
Neo Q 10,2025,1,3288
Neo Q 10,2025,2,3209
Neo Q 10,2025,3,2825
Neo Q 10,2025,4,3116
Neo Q 10,2025,5,3253
Neo Q 10,2025,6,2881
Neo Q 10,2025,7,3410
Neo Q 10,2025,8,3425
Neo Q 10,2025,9,3462
Neo Q 10,2025,10,3356
Neo Q 10,2025,11,3231
Neo Q 10,2025,12,3484
Neo Q 10,2026,1,3319
Neo Q 10,2026,2,685
Nise,2024,1,216778
Nise,2024,2,190795
Nise,2024,3,195914
Nise,2024,4,191155
Nise,2024,5,217385
Nise,2024,6,203238
Nise,2024,7,246574
Nise,2024,8,253271
Nise,2024,9,271369
Nise,2024,10,326680
Nise,2024,11,272211
Nise,2024,12,250009
Nise,2025,1,251774
Nise,2025,2,261329
Nise,2025,3,257688
Nise,2025,4,256665
Nise,2025,5,271106
Nise,2025,6,243564
Nise,2025,7,266974
Nise,2025,8,262799
Nise,2025,9,284301
Nise,2025,10,289384
Nise,2025,11,270002
Nise,2025,12,273645
Nise,2026,1,244557
Nise,2026,2,58592
NOZEA,2024,3,-4
NOZEA,2024,4,-9
NOZEA,2024,5,-4
NOZEA,2024,9,-1
NUVAL,2024,3,-17
NUVAL,2024,4,-58
NUVAL,2024,5,0
NUVAL,2024,6,0
NUVAL,2025,1,0
NUVAL D,2024,3,-26
NUVAL D,2024,4,-41
NUVAL D,2024,5,0
NUVAL D,2024,6,0
NUVAL D,2024,9,-6
NUVAL D,2024,10,-17
NUVAL D,2025,1,-1
NUVAL D,2025,6,-8
NUVAL D,2025,7,-4
NUVAL D,2025,11,-2
Omron BPM,2024,1,2113
Omron BPM,2024,2,328
Omron BPM,2024,3,2538
Omron BPM,2024,4,334
Omron BPM,2024,5,3405
Omron BPM,2024,6,2712
Omron BPM,2024,7,2245
Omron BPM,2024,8,2746
Omron BPM,2024,9,1537
Omron BPM,2024,10,2495
Omron BPM,2024,11,3584
Omron BPM,2024,12,2617
Omron BPM,2025,1,3865
Omron BPM,2025,2,3537
Omron BPM,2025,3,3147
Omron BPM,2025,4,1921
Omron BPM,2025,5,3493
Omron BPM,2025,6,2346
Omron BPM,2025,7,3427
Omron BPM,2025,8,3641
Omron BPM,2025,9,3144
Omron BPM,2025,10,3526
Omron BPM,2025,11,4130
Omron BPM,2025,12,4242
Omron BPM,2026,1,4544
Omron BPM,2026,2,323
Omron BPM Wrist,2024,1,93
Omron BPM Wrist,2024,2,143
Omron BPM Wrist,2024,3,149
Omron BPM Wrist,2024,4,32
Omron BPM Wrist,2024,5,385
Omron BPM Wrist,2024,6,32
Omron BPM Wrist,2024,7,1
Omron BPM Wrist,2024,8,143
Omron BPM Wrist,2024,9,6
Omron BPM Wrist,2024,10,120
Omron BPM Wrist,2024,11,1349
Omron BPM Wrist,2024,12,60
Omron BPM Wrist,2025,1,77
Omron BPM Wrist,2025,2,134
Omron BPM Wrist,2025,3,102
Omron BPM Wrist,2025,4,15
Omron BPM Wrist,2025,5,117
Omron BPM Wrist,2025,6,240
Omron BPM Wrist,2025,7,107
Omron BPM Wrist,2025,8,68
Omron BPM Wrist,2025,9,479
Omron BPM Wrist,2025,10,32
Omron BPM Wrist,2025,11,19
Omron BPM Wrist,2025,12,50
Omron BPM Wrist,2026,1,33
Omron BPM Wrist,2026,2,4
Omron ETB,2024,1,217
Omron ETB,2024,2,73
Omron ETB,2024,3,284
Omron ETB,2024,4,135
Omron ETB,2024,5,249
Omron ETB,2024,6,277
Omron ETB,2024,7,99
Omron ETB,2024,8,189
Omron ETB,2024,9,218
Omron ETB,2024,10,290
Omron ETB,2024,11,244
Omron ETB,2024,12,157
Omron ETB,2025,1,166
Omron ETB,2025,2,207
Omron ETB,2025,3,126
Omron ETB,2025,4,128
Omron ETB,2025,5,272
Omron ETB,2025,6,127
Omron ETB,2025,7,149
Omron ETB,2025,8,206
Omron ETB,2025,9,190
Omron ETB,2025,10,209
Omron ETB,2025,11,265
Omron ETB,2025,12,280
Omron ETB,2026,1,175
Omron ETB,2026,2,18
Omron Nebulizer,2024,10,301
Omron Nebulizer,2024,11,130
Omron Nebulizer,2024,12,251
Omron Nebulizer,2025,1,261
Omron Nebulizer,2025,2,61
Omron Nebulizer,2025,3,1
Omron Nebulizer,2025,4,8
Omron Nebulizer,2025,5,7
Omron Nebulizer,2025,6,4
Omron Nebulizer,2025,7,15
Omron Nebulizer,2025,8,15
Omron Nebulizer,2025,9,22
Omron Nebulizer,2025,10,710
Omron Nebulizer,2025,11,175
Omron Nebulizer,2025,12,56
Omron Nebulizer,2026,1,149
Omron Nebulizer,2026,2,52
Omron Weigh Scale,2024,1,51
Omron Weigh Scale,2024,2,9
Omron Weigh Scale,2024,3,45
Omron Weigh Scale,2024,4,4
Omron Weigh Scale,2024,5,37
Omron Weigh Scale,2024,6,13
Omron Weigh Scale,2024,7,57
Omron Weigh Scale,2024,8,26
Omron Weigh Scale,2024,9,12
Omron Weigh Scale,2024,10,38
Omron Weigh Scale,2024,11,50
Omron Weigh Scale,2024,12,31
Omron Weigh Scale,2025,1,52
Omron Weigh Scale,2025,2,41
Omron Weigh Scale,2025,3,21
Omron Weigh Scale,2025,4,5
Omron Weigh Scale,2025,5,47
Omron Weigh Scale,2025,6,24
Omron Weigh Scale,2025,7,41
Omron Weigh Scale,2025,8,12
Omron Weigh Scale,2025,9,50
Omron Weigh Scale,2025,10,25
Omron Weigh Scale,2025,11,41
Omron Weigh Scale,2025,12,41
Omron Weigh Scale,2026,1,31
Omron Weigh Scale,2026,2,4
Onita,2024,1,10091
Onita,2024,2,10023
Onita,2024,3,11201
Onita,2024,4,9584
Onita,2024,5,11798
Onita,2024,6,10851
Onita,2024,7,10732
Onita,2024,8,11412
Onita,2024,9,10873
Onita,2024,10,11552
Onita,2024,11,11433
Onita,2024,12,11764
Onita,2025,1,12696
Onita,2025,2,12405
Onita,2025,3,11144
Onita,2025,4,12356
Onita,2025,5,12597
Onita,2025,6,11690
Onita,2025,7,12902
Onita,2025,8,12088
Onita,2025,9,12573
Onita,2025,10,12247
Onita,2025,11,12186
Onita,2025,12,13986
Onita,2026,1,13373
Onita,2026,2,2868
Opt-D,2024,1,107131
Opt-D,2024,2,98545
Opt-D,2024,3,108415
Opt-D,2024,4,88379
Opt-D,2024,5,118184
Opt-D,2024,6,105790
Opt-D,2024,7,124367
Opt-D,2024,8,144335
Opt-D,2024,9,153960
Opt-D,2024,10,153050
Opt-D,2024,11,159397
Opt-D,2024,12,129594
Opt-D,2025,1,144372
Opt-D,2025,2,144613
Opt-D,2025,3,137040
Opt-D,2025,4,146666
Opt-D,2025,5,177414
Opt-D,2025,6,146203
Opt-D,2025,7,175748
Opt-D,2025,8,188212
Opt-D,2025,9,193747
Opt-D,2025,10,178623
Opt-D,2025,11,173785
Opt-D,2025,12,172177
Opt-D,2026,1,161045
Opt-D,2026,2,35940
Orslim,2024,1,21384
Orslim,2024,2,21744
Orslim,2024,3,21658
Orslim,2024,4,21650
Orslim,2024,5,25283
Orslim,2024,6,23970
Orslim,2024,7,26688
Orslim,2024,8,29048
Orslim,2024,9,29638
Orslim,2024,10,29933
Orslim,2024,11,29484
Orslim,2024,12,29448
Orslim,2025,1,29270
Orslim,2025,2,27558
Orslim,2025,3,25165
Orslim,2025,4,27307
Orslim,2025,5,30526
Orslim,2025,6,28731
Orslim,2025,7,33105
Orslim,2025,8,33456
Orslim,2025,9,35329
Orslim,2025,10,36459
Orslim,2025,11,32644
Orslim,2025,12,31356
Orslim,2026,1,28544
Orslim,2026,2,4371
Oxivort,2024,1,2343
Oxivort,2024,2,2622
Oxivort,2024,3,2088
Oxivort,2024,4,1861
Oxivort,2024,5,2012
Oxivort,2024,6,1635
Oxivort,2024,7,1830
Oxivort,2024,8,1649
Oxivort,2024,9,1430
Oxivort,2024,10,1493
Oxivort,2024,11,1310
Oxivort,2024,12,1245
Oxivort,2025,1,1394
Oxivort,2025,2,960
Oxivort,2025,3,762
Oxivort,2025,4,-42
Oxivort,2025,5,-757
Oxivort,2025,6,-58
Oxivort,2025,7,-118
Oxivort,2025,8,-624
Oxivort,2025,9,-49
Oxivort,2025,10,-35
Oxivort,2025,11,-13
Oxivort,2025,12,-11
Oxivort,2026,1,-8
PAIN GEAR,2024,3,-15
PAIN GEAR,2024,4,-1
Paridopa,2024,1,3820
Paridopa,2024,2,4036
Paridopa,2024,3,4651
Paridopa,2024,4,3745
Paridopa,2024,5,4119
Paridopa,2024,6,4650
Paridopa,2024,7,5397
Paridopa,2024,8,5001
Paridopa,2024,9,4709
Paridopa,2024,10,5332
Paridopa,2024,11,4711
Paridopa,2024,12,5548
Paridopa,2025,1,5013
Paridopa,2025,2,3972
Paridopa,2025,3,4579
Paridopa,2025,4,6056
Paridopa,2025,5,5745
Paridopa,2025,6,5259
Paridopa,2025,7,5918
Paridopa,2025,8,4293
Paridopa,2025,9,5356
Paridopa,2025,10,5886
Paridopa,2025,11,6251
Paridopa,2025,12,7138
Paridopa,2026,1,6543
Paridopa,2026,2,1725
Phytus,2024,1,8725
Phytus,2024,2,7070
Phytus,2024,3,7255
Phytus,2024,4,5177
Phytus,2024,5,3748
Phytus,2024,6,1869
Phytus,2024,7,1862
Phytus,2024,8,3148
Phytus,2024,9,3458
Phytus,2024,10,2940
Phytus,2024,11,6410
Phytus,2024,12,6371
Phytus,2025,1,4905
Phytus,2025,2,4796
Phytus,2025,3,3249
Phytus,2025,4,2279
Phytus,2025,5,2312
Phytus,2025,6,794
Phytus,2025,7,1065
Phytus,2025,8,1904
Phytus,2025,9,1501
Phytus,2025,10,3067
Phytus,2025,11,3343
Phytus,2025,12,3889
Phytus,2026,1,280
Phytus,2026,2,36
Ramipace,2024,1,65356
Ramipace,2024,2,62695
Ramipace,2024,3,65129
Ramipace,2024,4,62069
Ramipace,2024,5,65576
Ramipace,2024,6,64039
Ramipace,2024,7,67098
Ramipace,2024,8,63152
Ramipace,2024,9,63735
Ramipace,2024,10,66763
Ramipace,2024,11,59025
Ramipace,2024,12,58044
Ramipace,2025,1,62041
Ramipace,2025,2,57292
Ramipace,2025,3,57542
Ramipace,2025,4,54397
Ramipace,2025,5,56949
Ramipace,2025,6,50844
Ramipace,2025,7,57251
Ramipace,2025,8,52653
Ramipace,2025,9,54104
Ramipace,2025,10,53866
Ramipace,2025,11,51750
Ramipace,2025,12,55584
Ramipace,2026,1,54370
Ramipace,2026,2,15148
Redexa,2024,1,10391
Redexa,2024,2,9761
Redexa,2024,3,10744
Redexa,2024,4,9283
Redexa,2024,5,10133
Redexa,2024,6,7485
Redexa,2024,7,4600
Redexa,2024,8,3815
Redexa,2024,9,4435
Redexa,2024,10,4583
Redexa,2024,11,4574
Redexa,2024,12,4136
Redexa,2025,1,5818
Redexa,2025,2,6101
Redexa,2025,3,5363
Redexa,2025,4,4588
Redexa,2025,5,4232
Redexa,2025,6,3807
Redexa,2025,7,3990
Redexa,2025,8,4379
Redexa,2025,9,4284
Redexa,2025,10,4039
Redexa,2025,11,3235
Redexa,2025,12,3260
Redexa,2026,1,2365
Redexa,2026,2,509
REKLAIM,2024,1,15
REKLAIM,2024,2,45
REKLAIM,2024,3,7
REKLAIM,2024,4,-58
REKLAIM,2024,5,-48
REKLAIM,2024,6,-71
REKLAIM,2024,7,4
REKLAIM,2024,8,-70
REKLAIM,2024,9,-116
REKLAIM,2024,10,-48
REKLAIM,2024,11,-91
REKLAIM,2024,12,-62
REKLAIM,2025,1,-68
REKLAIM,2025,2,-12
REKLAIM,2025,3,-10
REKLAIM,2025,5,-2
REKLAIM,2025,11,-4
REKLAIM,2026,1,-1
Retzole,2024,1,2872
Retzole,2024,2,2727
Retzole,2024,3,2422
Retzole,2024,4,2273
Retzole,2024,5,-626
Retzole,2024,6,-15
Retzole,2024,7,-1
Retzole,2024,8,-15
Retzole,2024,9,2050
Retzole,2024,10,2114
Retzole,2024,11,2396
Retzole,2024,12,2579
Retzole,2025,1,2721
Retzole,2025,2,2625
Retzole,2025,3,2287
Retzole,2025,4,2772
Retzole,2025,5,3094
Retzole,2025,6,2645
Retzole,2025,7,3612
Retzole,2025,8,3474
Retzole,2025,9,3540
Retzole,2025,10,3429
Retzole,2025,11,1512
Retzole,2025,12,2341
Retzole,2026,1,3457
Retzole,2026,2,809
Revolic,2024,1,1714
Revolic,2024,2,1723
Revolic,2024,3,1924
Revolic,2024,4,1770
Revolic,2024,5,2184
Revolic,2024,6,1753
Revolic,2024,7,2049
Revolic,2024,8,2301
Revolic,2024,9,2119
Revolic,2024,10,1979
Revolic,2024,11,2045
Revolic,2024,12,1597
Revolic,2025,1,1884
Revolic,2025,2,1857
Revolic,2025,3,1515
Revolic,2025,4,1631
Revolic,2025,5,1616
Revolic,2025,6,1259
Revolic,2025,7,1402
Revolic,2025,8,1361
Revolic,2025,9,1476
Revolic,2025,10,1573
Revolic,2025,11,1108
Revolic,2025,12,902
Revolic,2026,1,590
Revolic,2026,2,204
RIXABAC,2024,3,-1
RIXABAC,2024,4,-1
RIXABAC,2024,5,0
Sacvin,2024,1,24581
Sacvin,2024,2,25850
Sacvin,2024,3,26876
Sacvin,2024,4,22696
Sacvin,2024,5,22580
Sacvin,2024,6,27115
Sacvin,2024,7,26813
Sacvin,2024,8,26747
Sacvin,2024,9,26340
Sacvin,2024,10,28871
Sacvin,2024,11,27683
Sacvin,2024,12,30110
Sacvin,2025,1,33548
Sacvin,2025,2,33383
Sacvin,2025,3,34712
Sacvin,2025,4,33913
Sacvin,2025,5,36609
Sacvin,2025,6,33532
Sacvin,2025,7,37570
Sacvin,2025,8,34855
Sacvin,2025,9,35629
Sacvin,2025,10,37387
Sacvin,2025,11,35634
Sacvin,2025,12,41585
Sacvin,2026,1,42662
Sacvin,2026,2,12739
SECURIN,2024,3,-3
SECURIN,2024,4,-8
SECURIN,2024,6,0
SETSPIN,2024,3,-30
SETSPIN,2024,4,-41
SETSPIN,2024,5,0
SETSPIN,2024,6,0
SETSPIN,2024,7,-1
SETSPIN,2024,9,-4
SETSPIN,2025,6,-1
SETSPIN,2025,8,-1
SheVit,2024,1,12519
SheVit,2024,2,10330
SheVit,2024,3,13168
SheVit,2024,4,12331
SheVit,2024,5,16432
SheVit,2024,6,9976
SheVit,2024,7,8761
SheVit,2024,8,18875
SheVit,2024,9,16163
SheVit,2024,10,19933
SheVit,2024,11,17399
SheVit,2024,12,16735
SheVit,2025,1,16004
SheVit,2025,2,17740
SheVit,2025,3,6058
SheVit,2025,4,21815
SheVit,2025,5,20202
SheVit,2025,6,17167
SheVit,2025,7,21703
SheVit,2025,8,13946
SheVit,2025,9,19114
SheVit,2025,10,24452
SheVit,2025,11,20013
SheVit,2025,12,21508
SheVit,2026,1,20589
SheVit,2026,2,4444
Sparliv,2024,1,4249
Sparliv,2024,2,3608
Sparliv,2024,3,3537
Sparliv,2024,4,3304
Sparliv,2024,5,3664
Sparliv,2024,6,3145
Sparliv,2024,7,3678
Sparliv,2024,8,4804
Sparliv,2024,9,4776
Sparliv,2024,10,5551
Sparliv,2024,11,5476
Sparliv,2024,12,4874
Sparliv,2025,1,5268
Sparliv,2025,2,5293
Sparliv,2025,3,4384
Sparliv,2025,4,4798
Sparliv,2025,5,5187
Sparliv,2025,6,4427
Sparliv,2025,7,5083
Sparliv,2025,8,5108
Sparliv,2025,9,5180
Sparliv,2025,10,5477
Sparliv,2025,11,4861
Sparliv,2025,12,5043
Sparliv,2026,1,4288
Sparliv,2026,2,909
SPEDICAM,2024,1,-34
SPEDICAM,2024,2,-52
SPEDICAM,2024,3,-215
SPEDICAM,2024,4,-61
SPEDICAM,2024,5,-3
SPEDICAM,2024,6,0
SPEDICAM,2024,7,-1
SPEDICAM,2024,8,0
SPEDICAM,2024,10,-1
SPEDICAM,2025,6,0
SPEDICAM,2025,10,-1
Stevo,2024,2,9
Stevo,2024,3,13773
Stevo,2024,4,3838
Stevo,2024,5,1304
Stevo,2024,6,819
Stevo,2024,7,937
Stevo,2024,8,3077
Stevo,2024,9,1630
Stevo,2024,10,1540
Stevo,2024,11,4385
Stevo,2024,12,3649
Stevo,2025,1,6115
Stevo,2025,2,4585
Stevo,2025,3,2544
Stevo,2025,4,3841
Stevo,2025,5,6375
Stevo,2025,6,3747
Stevo,2025,7,6237
Stevo,2025,8,6299
Stevo,2025,9,1343
Stevo,2025,10,376
Stevo,2025,11,811
Stevo,2025,12,-240
Stevo,2026,1,-2770
Stevo,2026,2,-552
Supercran,2024,1,1759
Supercran,2024,2,1402
Supercran,2024,3,2495
Supercran,2024,4,2429
Supercran,2024,5,2845
Supercran,2024,6,1574
Supercran,2024,7,4576
Supercran,2024,8,5528
Supercran,2024,9,5007
Supercran,2024,10,3878
Supercran,2024,11,2663
Supercran,2024,12,2194
Supercran,2025,1,2266
Supercran,2025,2,2594
Supercran,2025,3,3794
Supercran,2025,4,5663
Supercran,2025,5,4348
Supercran,2025,6,7995
Supercran,2025,7,7200
Supercran,2025,8,3750
Supercran,2025,9,2521
Supercran,2025,10,2971
Supercran,2025,11,2695
Supercran,2025,12,978
Supercran,2026,1,1388
Supercran,2026,2,165
Tansin,2024,1,23875
Tansin,2024,2,24258
Tansin,2024,3,25109
Tansin,2024,4,20067
Tansin,2024,5,22683
Tansin,2024,6,20935
Tansin,2024,7,22054
Tansin,2024,8,23072
Tansin,2024,9,21967
Tansin,2024,10,24510
Tansin,2024,11,24883
Tansin,2024,12,24110
Tansin,2025,1,25019
Tansin,2025,2,21592
Tansin,2025,3,23354
Tansin,2025,4,22006
Tansin,2025,5,22183
Tansin,2025,6,20787
Tansin,2025,7,22543
Tansin,2025,8,23341
Tansin,2025,9,24386
Tansin,2025,10,27044
Tansin,2025,11,24970
Tansin,2025,12,15299
Tansin,2026,1,34125
Tansin,2026,2,7555
Telsarta,2024,1,30670
Telsarta,2024,2,29960
Telsarta,2024,3,30429
Telsarta,2024,4,27759
Telsarta,2024,5,28574
Telsarta,2024,6,26944
Telsarta,2024,7,25567
Telsarta,2024,8,27220
Telsarta,2024,9,27722
Telsarta,2024,10,30744
Telsarta,2024,11,29562
Telsarta,2024,12,32428
Telsarta,2025,1,33572
Telsarta,2025,2,33704
Telsarta,2025,3,33056
Telsarta,2025,4,32843
Telsarta,2025,5,32918
Telsarta,2025,6,30933
Telsarta,2025,7,34534
Telsarta,2025,8,31106
Telsarta,2025,9,33500
Telsarta,2025,10,33477
Telsarta,2025,11,31479
Telsarta,2025,12,32668
Telsarta,2026,1,34642
Telsarta,2026,2,9102
Telsarta-A,2024,1,69192
Telsarta-A,2024,2,55164
Telsarta-A,2024,3,55603
Telsarta-A,2024,4,35130
Telsarta-A,2024,5,48828
Telsarta-A,2024,6,36438
Telsarta-A,2024,7,51982
Telsarta-A,2024,8,45720
Telsarta-A,2024,9,46074
Telsarta-A,2024,10,48821
Telsarta-A,2024,11,47903
Telsarta-A,2024,12,50615
Telsarta-A,2025,1,54365
Telsarta-A,2025,2,41706
Telsarta-A,2025,3,59815
Telsarta-A,2025,4,52561
Telsarta-A,2025,5,52158
Telsarta-A,2025,6,47192
Telsarta-A,2025,7,50945
Telsarta-A,2025,8,41780
Telsarta-A,2025,9,41061
Telsarta-A,2025,10,49043
Telsarta-A,2025,11,49858
Telsarta-A,2025,12,52739
Telsarta-A,2026,1,51395
Telsarta-A,2026,2,14208
Telsarta-D,2024,1,15168
Telsarta-D,2024,2,6901
Telsarta-D,2024,3,17786
Telsarta-D,2024,4,11890
Telsarta-D,2024,5,13171
Telsarta-D,2024,6,10578
Telsarta-D,2024,7,14023
Telsarta-D,2024,8,6904
Telsarta-D,2024,9,15520
Telsarta-D,2024,10,13941
Telsarta-D,2024,11,11431
Telsarta-D,2024,12,15577
Telsarta-D,2025,1,14886
Telsarta-D,2025,2,14522
Telsarta-D,2025,3,15508
Telsarta-D,2025,4,14132
Telsarta-D,2025,5,16597
Telsarta-D,2025,6,14523
Telsarta-D,2025,7,8764
Telsarta-D,2025,8,2926
Telsarta-D,2025,9,19093
Telsarta-D,2025,10,17135
Telsarta-D,2025,11,15946
Telsarta-D,2025,12,16133
Telsarta-D,2026,1,15062
Telsarta-D,2026,2,4422
Thewril,2024,1,6026
Thewril,2024,2,5637
Thewril,2024,3,5807
Thewril,2024,4,4633
Thewril,2024,5,5483
Thewril,2024,6,4967
Thewril,2024,7,6336
Thewril,2024,8,6857
Thewril,2024,9,6541
Thewril,2024,10,7082
Thewril,2024,11,6616
Thewril,2024,12,6228
Thewril,2025,1,7245
Thewril,2025,2,6850
Thewril,2025,3,6122
Thewril,2025,4,7482
Thewril,2025,5,7800
Thewril,2025,6,6684
Thewril,2025,7,8914
Thewril,2025,8,8714
Thewril,2025,9,8967
Thewril,2025,10,8544
Thewril,2025,11,8613
Thewril,2025,12,8476
Thewril,2026,1,7864
Thewril,2026,2,1911
Tiocap,2024,1,21324
Tiocap,2024,2,21606
Tiocap,2024,3,24341
Tiocap,2024,4,18515
Tiocap,2024,5,18020
Tiocap,2024,6,15988
Tiocap,2024,7,16848
Tiocap,2024,8,18126
Tiocap,2024,9,18432
Tiocap,2024,10,19229
Tiocap,2024,11,18335
Tiocap,2024,12,20065
Tiocap,2025,1,19654
Tiocap,2025,2,18135
Tiocap,2025,3,16723
Tiocap,2025,4,15467
Tiocap,2025,5,14618
Tiocap,2025,6,12280
Tiocap,2025,7,14307
Tiocap,2025,8,13984
Tiocap,2025,9,14204
Tiocap,2025,10,16824
Tiocap,2025,11,14022
Tiocap,2025,12,10740
Tiocap,2026,1,8069
Tiocap,2026,2,2257
Treatan,2024,1,32600
Treatan,2024,2,30286
Treatan,2024,3,31835
Treatan,2024,4,30002
Treatan,2024,5,31364
Treatan,2024,6,30498
Treatan,2024,7,31275
Treatan,2024,8,31738
Treatan,2024,9,30680
Treatan,2024,10,30595
Treatan,2024,11,29356
Treatan,2024,12,31472
Treatan,2025,1,31925
Treatan,2025,2,31576
Treatan,2025,3,30229
Treatan,2025,4,29656
Treatan,2025,5,31716
Treatan,2025,6,28635
Treatan,2025,7,32149
Treatan,2025,8,29907
Treatan,2025,9,30143
Treatan,2025,10,30282
Treatan,2025,11,28579
Treatan,2025,12,30470
Treatan,2026,1,30982
Treatan,2026,2,8423
Treatan-D,2024,1,1881
Treatan-D,2024,2,1514
Treatan-D,2024,3,1633
Treatan-D,2024,4,441
Treatan-D,2024,5,2042
Treatan-D,2024,6,1629
Treatan-D,2024,7,1666
Treatan-D,2024,8,1760
Treatan-D,2024,9,1551
Treatan-D,2024,10,1138
Treatan-D,2024,11,1503
Treatan-D,2024,12,1591
Treatan-D,2025,1,1609
Treatan-D,2025,2,1864
Treatan-D,2025,3,1835
Treatan-D,2025,4,1619
Treatan-D,2025,5,1722
Treatan-D,2025,6,911
Treatan-D,2025,7,1573
Treatan-D,2025,8,1528
Treatan-D,2025,9,1405
Treatan-D,2025,10,1541
Treatan-D,2025,11,1586
Treatan-D,2025,12,1581
Treatan-D,2026,1,1579
Treatan-D,2026,2,208
UFI,2024,1,-71
UFI,2024,2,8
UFI,2024,3,-339
UFI,2024,4,-825
UFI,2024,5,-163
UFI,2024,6,-32
UFI,2024,7,-14
UFI,2024,8,-3
UFI,2024,9,-8
UFI,2024,10,-3
UFI,2024,12,-3
UFI,2025,2,-2
UFI,2025,9,-4
UFI,2025,11,3
UFI,2026,2,2
UriTreat,2024,1,2470
UriTreat,2024,2,1741
UriTreat,2024,3,1986
UriTreat,2024,4,1706
UriTreat,2024,5,2096
UriTreat,2024,6,1475
UriTreat,2024,7,1674
UriTreat,2024,8,1905
UriTreat,2024,9,2219
UriTreat,2024,10,2247
UriTreat,2024,11,2282
UriTreat,2024,12,2088
UriTreat,2025,1,2317
UriTreat,2025,2,2283
UriTreat,2025,3,1880
UriTreat,2025,4,2067
UriTreat,2025,5,1914
UriTreat,2025,6,1659
UriTreat,2025,7,1895
UriTreat,2025,8,1800
UriTreat,2025,9,1829
UriTreat,2025,10,1912
UriTreat,2025,11,1608
UriTreat,2025,12,1937
UriTreat,2026,1,1543
UriTreat,2026,2,367
Vanzak,2025,3,6577
Vanzak,2025,4,5473
Vanzak,2025,5,9451
Vanzak,2025,6,8940
Vanzak,2025,7,12832
Vanzak,2025,8,13183
Vanzak,2025,9,15533
Vanzak,2025,10,16507
Vanzak,2025,11,14563
Vanzak,2025,12,15873
Vanzak,2026,1,14094
Vanzak,2026,2,2586
Vible,2024,1,6324
Vible,2024,2,5799
Vible,2024,3,6743
Vible,2024,4,5679
Vible,2024,5,6629
Vible,2024,6,5825
Vible,2024,7,6346
Vible,2024,8,7384
Vible,2024,9,7570
Vible,2024,10,7713
Vible,2024,11,6481
Vible,2024,12,6149
Vible,2025,1,6614
Vible,2025,2,8047
Vible,2025,3,9256
Vible,2025,4,9610
Vible,2025,5,11022
Vible,2025,6,9678
Vible,2025,7,11220
Vible,2025,8,12606
Vible,2025,9,12722
Vible,2025,10,12685
Vible,2025,11,11063
Vible,2025,12,12124
Vible,2026,1,10024
Vible,2026,2,2637
Voxamine,2024,1,15944
Voxamine,2024,2,14998
Voxamine,2024,3,15944
Voxamine,2024,4,14272
Voxamine,2024,5,17661
Voxamine,2024,6,14877
Voxamine,2024,7,16763
Voxamine,2024,8,18339
Voxamine,2024,9,18012
Voxamine,2024,10,17963
Voxamine,2024,11,16221
Voxamine,2024,12,17152
Voxamine,2025,1,17546
Voxamine,2025,2,16490
Voxamine,2025,3,16802
Voxamine,2025,4,17916
Voxamine,2025,5,18428
Voxamine,2025,6,15767
Voxamine,2025,7,18585
Voxamine,2025,8,17814
Voxamine,2025,9,18308
Voxamine,2025,10,17923
Voxamine,2025,11,16503
Voxamine,2025,12,17655
Voxamine,2026,1,17476
Voxamine,2026,2,2846
WINZITH,2024,1,-1
WINZITH,2024,3,-2
WINZITH,2024,4,-1
WINZITH,2025,1,-1
X-Plended,2024,1,331694
X-Plended,2024,2,324118
X-Plended,2024,3,341268
X-Plended,2024,4,305494
X-Plended,2024,5,323091
X-Plended,2024,6,316003
X-Plended,2024,7,337185
X-Plended,2024,8,371281
X-Plended,2024,9,367003
X-Plended,2024,10,380487
X-Plended,2024,11,363457
X-Plended,2024,12,378616
X-Plended,2025,1,399007
X-Plended,2025,2,393358
X-Plended,2025,3,415427
X-Plended,2025,4,391678
X-Plended,2025,5,422441
X-Plended,2025,6,383395
X-Plended,2025,7,436752
X-Plended,2025,8,410616
X-Plended,2025,9,442023
X-Plended,2025,10,442141
X-Plended,2025,11,417013
X-Plended,2025,12,449370
X-Plended,2026,1,458867
X-Plended,2026,2,126083
X-Plended EZ,2024,1,41129
X-Plended EZ,2024,2,37345
X-Plended EZ,2024,3,34817
X-Plended EZ,2024,4,39234
X-Plended EZ,2024,5,37084
X-Plended EZ,2024,6,42240
X-Plended EZ,2024,7,43964
X-Plended EZ,2024,8,41327
X-Plended EZ,2024,9,46495
X-Plended EZ,2024,10,52867
X-Plended EZ,2024,11,41371
X-Plended EZ,2024,12,59214
X-Plended EZ,2025,1,54464
X-Plended EZ,2025,2,42773
X-Plended EZ,2025,3,50502
X-Plended EZ,2025,4,54599
X-Plended EZ,2025,5,58046
X-Plended EZ,2025,6,48292
X-Plended EZ,2025,7,66490
X-Plended EZ,2025,8,63178
X-Plended EZ,2025,9,33275
X-Plended EZ,2025,10,93650
X-Plended EZ,2025,11,62756
X-Plended EZ,2025,12,75836
X-Plended EZ,2026,1,75920
X-Plended EZ,2026,2,21126
Xcept,2024,1,84496
Xcept,2024,2,84588
Xcept,2024,3,91354
Xcept,2024,4,85525
Xcept,2024,5,90525
Xcept,2024,6,90531
Xcept,2024,7,92720
Xcept,2024,8,84402
Xcept,2024,9,83418
Xcept,2024,10,90433
Xcept,2024,11,82343
Xcept,2024,12,82094
Xcept,2025,1,88389
Xcept,2025,2,83192
Xcept,2025,3,86972
Xcept,2025,4,80833
Xcept,2025,5,87045
Xcept,2025,6,80125
Xcept,2025,7,88670
Xcept,2025,8,84215
Xcept,2025,9,87445
Xcept,2025,10,89184
Xcept,2025,11,88117
Xcept,2025,12,92582
Xcept,2026,1,90940
Xcept,2026,2,25210
Xilica,2024,1,25714
Xilica,2024,2,25178
Xilica,2024,3,26420
Xilica,2024,4,22615
Xilica,2024,5,26159
Xilica,2024,6,27058
Xilica,2024,7,28099
Xilica,2024,8,32729
Xilica,2024,9,32862
Xilica,2024,10,36559
Xilica,2024,11,32641
Xilica,2024,12,30811
Xilica,2025,1,36066
Xilica,2025,2,34696
Xilica,2025,3,31900
Xilica,2025,4,34334
Xilica,2025,5,36136
Xilica,2025,6,30771
Xilica,2025,7,36986
Xilica,2025,8,36817
Xilica,2025,9,36052
Xilica,2025,10,36122
Xilica,2025,11,34267
Xilica,2025,12,35936
Xilica,2026,1,35801
Xilica,2026,2,7737
Zibes,2024,1,29414
Zibes,2024,2,26225
Zibes,2024,3,26994
Zibes,2024,4,32843
Zibes,2024,5,32051
Zibes,2024,6,22994
Zibes,2024,7,36762
Zibes,2024,8,33215
Zibes,2024,9,33568
Zibes,2024,10,31354
Zibes,2024,11,41251
Zibes,2024,12,41245
Zibes,2025,1,43945
Zibes,2025,2,41175
Zibes,2025,3,43765
Zibes,2025,4,40826
Zibes,2025,5,44483
Zibes,2025,6,43861
Zibes,2025,7,49403
Zibes,2025,8,40721
Zibes,2025,9,52378
Zibes,2025,10,50220
Zibes,2025,11,47608
Zibes,2025,12,55405
Zibes,2026,1,53765
Zibes,2026,2,16867
Zilero,2024,1,1347
Zilero,2024,2,1486
Zilero,2024,3,1094
Zilero,2024,4,760
Zilero,2024,5,488
Zilero,2024,6,392
Zilero,2024,7,178
Zilero,2024,8,233
Zilero,2024,9,337
Zilero,2024,10,1106
Zilero,2024,11,1342
Zilero,2024,12,1423
Zilero,2025,1,1544
Zilero,2025,2,1408
Zilero,2025,3,1598
Zilero,2025,4,1630
Zilero,2025,5,1638
Zilero,2025,6,1493
Zilero,2025,7,1958
Zilero,2025,8,1977
Zilero,2025,9,2117
Zilero,2025,10,2384
Zilero,2025,11,2378
Zilero,2025,12,2368
Zilero,2026,1,2496
Zilero,2026,2,598
Zilfom,2024,1,3282
Zilfom,2024,2,4499
Zilfom,2024,3,4275
Zilfom,2024,4,3215
Zilfom,2024,5,3517
Zilfom,2024,6,2399
Zilfom,2024,7,2897
Zilfom,2024,8,2875
Zilfom,2024,9,3251
Zilfom,2024,10,3486
Zilfom,2024,11,3570
Zilfom,2024,12,4129
Zilfom,2025,1,4256
Zilfom,2025,2,4316
Zilfom,2025,3,3251
Zilfom,2025,4,3307
Zilfom,2025,5,3243
Zilfom,2025,6,2064
Zilfom,2025,7,2837
Zilfom,2025,8,3242
Zilfom,2025,9,3269
Zilfom,2025,10,3856
Zilfom,2025,11,3223
Zilfom,2025,12,2074
Zilfom,2026,1,2370
Zilfom,2026,2,546
Zoltar,2024,1,35754
Zoltar,2024,2,34525
Zoltar,2024,3,40306
Zoltar,2024,4,32073
Zoltar,2024,5,33705
Zoltar,2024,6,30595
Zoltar,2024,7,28240
Zoltar,2024,8,33327
Zoltar,2024,9,35675
Zoltar,2024,10,38708
Zoltar,2024,11,34198
Zoltar,2024,12,31364
Zoltar,2025,1,41568
Zoltar,2025,2,32997
Zoltar,2025,3,33259
Zoltar,2025,4,42347
Zoltar,2025,5,37554
Zoltar,2025,6,38554
Zoltar,2025,7,44781
Zoltar,2025,8,43216
Zoltar,2025,9,42968
Zoltar,2025,10,43418
Zoltar,2025,11,38796
Zoltar,2025,12,33181
Zoltar,2026,1,21805
Zoltar,2026,2,8290
ZOLTAR INSTA,2024,8,-5
